{"UVG": {"Beauty_PNG_1024": {"model_dcvc_quality_3_psnr.pth": {"i_frame_num": 50, "p_frame_num": 550, "ave_i_frame_bpp": 0.24615518379211426, "ave_i_frame_quality": 35.35876525878906, "ave_p_frame_bpp": 0.11460484489798546, "ave_p_frame_bpp_mv_y": 0.026443805061280728, "ave_p_frame_bpp_mv_z": 0.0006794075466777114, "ave_p_frame_bpp_y": 0.0853084806014191, "ave_p_frame_bpp_z": 0.002173151955304837, "ave_p_frame_quality": 34.61675916498358, "ave_all_frame_bpp": 0.12556737313916286, "ave_all_frame_quality": 34.67859300613404}}, "Bosphorus_PNG_1024": {"model_dcvc_quality_3_psnr.pth": {"i_frame_num": 50, "p_frame_num": 550, "ave_i_frame_bpp": 0.21378775215148924, "ave_i_frame_quality": 40.51442527770996, "ave_p_frame_bpp": 0.046373337273570625, "ave_p_frame_bpp_mv_y": 0.011584369618106972, "ave_p_frame_bpp_mv_z": 0.0007298380533360283, "ave_p_frame_bpp_y": 0.03225154735147953, "ave_p_frame_bpp_z": 0.0018075822238725694, "ave_p_frame_quality": 39.07448467601429, "ave_all_frame_bpp": 0.060324538513397176, "ave_all_frame_quality": 39.1944797261556}}, "HoneyBee_PNG_1024": {"model_dcvc_quality_3_psnr.pth": {"i_frame_num": 50, "p_frame_num": 550, "ave_i_frame_bpp": 0.2622600285212199, "ave_i_frame_quality": 38.043459243774414, "ave_p_frame_bpp": 0.026766160804439675, "ave_p_frame_bpp_mv_y": 0.006007956254550002, "ave_p_frame_bpp_mv_z": 0.0005979112659538672, "ave_p_frame_bpp_y": 0.01876148801466281, "ave_p_frame_bpp_z": 0.0013988052825020117, "ave_p_frame_quality": 37.2428665785356, "ave_all_frame_bpp": 0.046390649780838025, "ave_all_frame_quality": 37.30958263397217}}, "Jockey_PNG_1024": {"model_dcvc_quality_3_psnr.pth": {"i_frame_num": 50, "p_frame_num": 550, "ave_i_frame_bpp": 0.13409834321339925, "ave_i_frame_quality": 39.25183036804199, "ave_p_frame_bpp": 0.07124574353071776, "ave_p_frame_bpp_mv_y": 0.020456338858401233, "ave_p_frame_bpp_mv_z": 0.0008391780907880854, "ave_p_frame_bpp_y": 0.04833409374749119, "ave_p_frame_bpp_z": 0.0016161328270523384, "ave_p_frame_quality": 38.469868198741565, "ave_all_frame_bpp": 0.07648346017094122, "ave_all_frame_quality": 38.535031712849936}}, "ReadySetGo_PNG_1024": {"model_dcvc_quality_3_psnr.pth": {"i_frame_num": 50, "p_frame_num": 550, "ave_i_frame_bpp": 0.3409567108154297, "ave_i_frame_quality": 39.41836143493652, "ave_p_frame_bpp": 0.0877816320549358, "ave_p_frame_bpp_mv_y": 0.01950102889741009, "ave_p_frame_bpp_mv_z": 0.0009498310365333137, "ave_p_frame_bpp_y": 0.06564966573972594, "ave_p_frame_bpp_z": 0.0016811062628403306, "ave_p_frame_quality": 38.041580137772996, "ave_all_frame_bpp": 0.10887955528497696, "ave_all_frame_quality": 38.15631191253662}}, "ShakeNDry_PNG_1024": {"model_dcvc_quality_3_psnr.pth": {"i_frame_num": 25, "p_frame_num": 275, "ave_i_frame_bpp": 0.36624235661824545, "ave_i_frame_quality": 37.750686492919925, "ave_p_frame_bpp": 0.12493463888764382, "ave_p_frame_bpp_mv_y": 0.023556306570429692, "ave_p_frame_bpp_mv_z": 0.0008728766718625345, "ave_p_frame_bpp_y": 0.09854057528755882, "ave_p_frame_bpp_z": 0.0019648805595087735, "ave_p_frame_quality": 36.55486070112749, "ave_all_frame_bpp": 0.14504361536519395, "ave_all_frame_quality": 36.654512850443524}}, "YachtRide_PNG_1024": {"model_dcvc_quality_3_psnr.pth": {"i_frame_num": 50, "p_frame_num": 550, "ave_i_frame_bpp": 0.29852833334604895, "ave_i_frame_quality": 39.94412506103516, "ave_p_frame_bpp": 0.13367579453370787, "ave_p_frame_bpp_mv_y": 0.02332047923044725, "ave_p_frame_bpp_mv_z": 0.0009034651137930764, "ave_p_frame_bpp_y": 0.10744506810876456, "ave_p_frame_bpp_z": 0.0020067819756117056, "ave_p_frame_quality": 38.28521635575728, "ave_all_frame_bpp": 0.14741350610140297, "ave_all_frame_quality": 38.42345874786377}}}}