{"train/epoch": 20, "train/batch_loss": 0.19661188125610352, "train/avg_loss": 0.3379886762963401, "train/avg_mse_loss": 6.884304133968221e-05, "train/avg_bpp": 0.19699812597698635, "train/avg_bpp_mv_y": 0.11948228379090628, "train/avg_bpp_mv_z": 0.0011306752243803607, "train/avg_bpp_y": 0.07469079022606213, "train/avg_bpp_z": 0.0016943792320994867, "train/avg_psnr": 41.62139951710758, "_timestamp": 1652175232, "_runtime": 1676, "_step": 179, "_wandb": {"runtime": 1599}}