{
  "UVG": {
    "Beauty_PNG": {
      "model_dcvc_quality_3_psnr.pth": {
        "i_frame_num": 10,
        "p_frame_num": 110,
        "ave_i_frame_bpp": 0.25705764452616375,
        "ave_i_frame_quality": 35.2867992401123,
        "ave_p_frame_bpp": 0.12083235450766304,
        "ave_p_frame_bpp_mv_y": 0.027438856644386594,
        "ave_p_frame_bpp_mv_z": 0.0006838677398098463,
        "ave_p_frame_bpp_y": 0.09050979980013588,
        "ave_p_frame_bpp_z": 0.0021998314483260566,
        "ave_p_frame_quality": 34.5364631652832,
        "ave_all_frame_bpp": 0.13218446200920475,
        "ave_all_frame_quality": 34.59899117151896
      }
    },
    "Bosphorus_PNG": {
      "model_dcvc_quality_3_psnr.pth": {
        "i_frame_num": 10,
        "p_frame_num": 110,
        "ave_i_frame_bpp": 0.23392515182495116,
        "ave_i_frame_quality": 40.198856353759766,
        "ave_p_frame_bpp": 0.047056221758777446,
        "ave_p_frame_bpp_mv_y": 0.011367383048954335,
        "ave_p_frame_bpp_mv_z": 0.000740502759898928,
        "ave_p_frame_bpp_y": 0.0330998872322115,
        "ave_p_frame_bpp_z": 0.0018484484880569984,
        "ave_p_frame_quality": 38.76937072060325,
        "ave_all_frame_bpp": 0.06262863259762526,
        "ave_all_frame_quality": 38.88849452336629
      }
    },
    "HoneyBee_PNG": {
      "model_dcvc_quality_3_psnr.pth": {
        "i_frame_num": 10,
        "p_frame_num": 110,
        "ave_i_frame_bpp": 0.26347009181976316,
        "ave_i_frame_quality": 38.036842346191406,
        "ave_p_frame_bpp": 0.027546808479184455,
        "ave_p_frame_bpp_mv_y": 0.006228689121251757,
        "ave_p_frame_bpp_mv_z": 0.0005937379446219315,
        "ave_p_frame_bpp_y": 0.01932378126816316,
        "ave_p_frame_bpp_z": 0.0014006001493808897,
        "ave_p_frame_quality": 37.237225029685284,
        "ave_all_frame_bpp": 0.04720708209089935,
        "ave_all_frame_quality": 37.30385980606079
      }
    },
    "Jockey_PNG": {
      "model_dcvc_quality_3_psnr.pth": {
        "i_frame_num": 10,
        "p_frame_num": 110,
        "ave_i_frame_bpp": 0.19375646750132244,
        "ave_i_frame_quality": 39.14324722290039,
        "ave_p_frame_bpp": 0.043883336877281014,
        "ave_p_frame_bpp_mv_y": 0.010892617964947766,
        "ave_p_frame_bpp_mv_z": 0.0008737837673503567,
        "ave_p_frame_bpp_y": 0.030619808134030212,
        "ave_p_frame_bpp_z": 0.001497126870195974,
        "ave_p_frame_quality": 38.25135772011497,
        "ave_all_frame_bpp": 0.05637276442928447,
        "ave_all_frame_quality": 38.325681845347084
      }
    },
    "ReadySetGo_PNG": {
      "model_dcvc_quality_3_psnr.pth": {
        "i_frame_num": 10,
        "p_frame_num": 110,
        "ave_i_frame_bpp": 0.36695905049641925,
        "ave_i_frame_quality": 38.90278854370117,
        "ave_p_frame_bpp": 0.0639336732300845,
        "ave_p_frame_bpp_mv_y": 0.012973658080128106,
        "ave_p_frame_bpp_mv_z": 0.0008380286522548308,
        "ave_p_frame_bpp_y": 0.048436877588656814,
        "ave_p_frame_bpp_z": 0.001685108874120157,
        "ave_p_frame_quality": 37.81181807084517,
        "ave_all_frame_bpp": 0.08918578800227907,
        "ave_all_frame_quality": 37.9027322769165
      }
    },
    "ShakeNDry_PNG": {
      "model_dcvc_quality_3_psnr.pth": {
        "i_frame_num": 10,
        "p_frame_num": 110,
        "ave_i_frame_bpp": 0.41631998697916667,
        "ave_i_frame_quality": 37.621028900146484,
        "ave_p_frame_bpp": 0.20559464435685765,
        "ave_p_frame_bpp_mv_y": 0.037138413231481204,
        "ave_p_frame_bpp_mv_z": 0.001032770093297586,
        "ave_p_frame_bpp_y": 0.16532689373601567,
        "ave_p_frame_bpp_z": 0.002096567886077206,
        "ave_p_frame_quality": 36.26201057434082,
        "ave_all_frame_bpp": 0.2231550895753834,
        "ave_all_frame_quality": 36.375262101491295
      }
    },
    "YachtRide_PNG": {
      "model_dcvc_quality_3_psnr.pth": {
        "i_frame_num": 10,
        "p_frame_num": 110,
        "ave_i_frame_bpp": 0.26371676127115884,
        "ave_i_frame_quality": 40.18665390014648,
        "ave_p_frame_bpp": 0.1028811700642109,
        "ave_p_frame_bpp_mv_y": 0.019488088989799673,
        "ave_p_frame_bpp_mv_z": 0.0008657372852956707,
        "ave_p_frame_bpp_y": 0.08064614490351894,
        "ave_p_frame_bpp_z": 0.0018811991565268148,
        "ave_p_frame_quality": 38.581158031116836,
        "ave_all_frame_bpp": 0.11628413599812322,
        "ave_all_frame_quality": 38.71494935353597
      }
    }
  }
}