{"train/epoch": 50, "train/batch_loss": 0.25518274307250977, "train/avg_loss": 0.25518274307250977, "train/avg_mse_loss": 6.35992328170687e-05, "train/avg_bpp": 0.12493150681257248, "train/avg_bpp_mv_y": 0.031078394502401352, "train/avg_bpp_mv_z": 0.0011869182344526052, "train/avg_bpp_y": 0.09081514924764633, "train/avg_bpp_z": 0.0018510476220399141, "train/avg_psnr": 41.965481231145304, "_timestamp": 1652173124, "_runtime": 484, "_step": 49, "_wandb": {"runtime": 470}}