{"train/epoch": 50, "train/batch_loss": 0.258331835269928, "train/avg_loss": 0.258331835269928, "train/avg_mse_loss": 5.971169957774691e-05, "train/avg_bpp": 0.1360422819852829, "train/avg_bpp_mv_y": 0.04337327182292938, "train/avg_bpp_mv_z": 0.0011362425284460187, "train/avg_bpp_y": 0.08972984552383423, "train/avg_bpp_z": 0.0018029212951660156, "train/avg_psnr": 42.239405672919695, "_timestamp": 1652172390, "_runtime": 469, "_step": 49, "_wandb": {"runtime": 456}}