{
  "UVG": {
    "Beauty_PNG_1024": {
      "model_dcvc_quality_2_psnr.pth": {
        "i_frame_num": 50,
        "p_frame_num": 550,
        "ave_i_frame_bpp": 0.10305491320292154,
        "ave_i_frame_quality": 34.582946395874025,
        "ave_p_frame_bpp": 0.045932144793597134,
        "ave_p_frame_bpp_mv_y": 0.016339572461491283,
        "ave_p_frame_bpp_mv_z": 0.0005665207766419784,
        "ave_p_frame_bpp_y": 0.0274315190857107,
        "ave_p_frame_bpp_z": 0.0015945325497622516,
        "ave_p_frame_quality": 34.163714557994496,
        "ave_all_frame_bpp": 0.05069237549437417,
        "ave_all_frame_quality": 34.19865054448446
      }
    },
    "Bosphorus_PNG_1024": {
      "model_dcvc_quality_2_psnr.pth": {
        "i_frame_num": 50,
        "p_frame_num": 550,
        "ave_i_frame_bpp": 0.14887780729929606,
        "ave_i_frame_quality": 39.14706230163574,
        "ave_p_frame_bpp": 0.029147298153151164,
        "ave_p_frame_bpp_mv_y": 0.008938515845855529,
        "ave_p_frame_bpp_mv_z": 0.000585506983757527,
        "ave_p_frame_bpp_y": 0.01818421485749158,
        "ave_p_frame_bpp_z": 0.0014390605406581678,
        "ave_p_frame_quality": 37.72439263777299,
        "ave_all_frame_bpp": 0.03912484058199657,
        "ave_all_frame_quality": 37.84294844309489
      }
    },
    "HoneyBee_PNG_1024": {
      "model_dcvc_quality_2_psnr.pth": {
        "i_frame_num": 50,
        "p_frame_num": 550,
        "ave_i_frame_bpp": 0.19479301675160726,
        "ave_i_frame_quality": 37.16133773803711,
        "ave_p_frame_bpp": 0.01706794587895274,
        "ave_p_frame_bpp_mv_y": 0.004254674045369029,
        "ave_p_frame_bpp_mv_z": 0.0005092902882130477,
        "ave_p_frame_bpp_y": 0.01112265635027804,
        "ave_p_frame_bpp_z": 0.001181325194087218,
        "ave_p_frame_quality": 36.3591913951527,
        "ave_all_frame_bpp": 0.03187836845167395,
        "ave_all_frame_quality": 36.4260369237264
      }
    },
    "Jockey_PNG_1024": {
      "model_dcvc_quality_2_psnr.pth": {
        "i_frame_num": 50,
        "p_frame_num": 550,
        "ave_i_frame_bpp": 0.0933904733657837,
        "ave_i_frame_quality": 38.6111376953125,
        "ave_p_frame_bpp": 0.0440000998431986,
        "ave_p_frame_bpp_mv_y": 0.014209870105101304,
        "ave_p_frame_bpp_mv_z": 0.000664402230494571,
        "ave_p_frame_bpp_y": 0.027795235350389372,
        "ave_p_frame_bpp_z": 0.0013305920872583308,
        "ave_p_frame_quality": 37.722401234019884,
        "ave_all_frame_bpp": 0.04811596430341403,
        "ave_all_frame_quality": 37.79646260579427
      }
    },
    "ReadySetGo_PNG_1024": {
      "model_dcvc_quality_2_psnr.pth": {
        "i_frame_num": 50,
        "p_frame_num": 550,
        "ave_i_frame_bpp": 0.2539429308573405,
        "ave_i_frame_quality": 38.00843254089355,
        "ave_p_frame_bpp": 0.05654280476272106,
        "ave_p_frame_bpp_mv_y": 0.011976993074640632,
        "ave_p_frame_bpp_mv_z": 0.0007702707472807643,
        "ave_p_frame_bpp_y": 0.042309525717388496,
        "ave_p_frame_bpp_z": 0.0014860151151449166,
        "ave_p_frame_quality": 36.64215409712358,
        "ave_all_frame_bpp": 0.07299281527060601,
        "ave_all_frame_quality": 36.75601063410441
      }
    },
    "ShakeNDry_PNG_1024": {
      "model_dcvc_quality_2_psnr.pth": {
        "i_frame_num": 25,
        "p_frame_num": 275,
        "ave_i_frame_bpp": 0.26053905868530275,
        "ave_i_frame_quality": 36.55314636230469,
        "ave_p_frame_bpp": 0.07636481853032653,
        "ave_p_frame_bpp_mv_y": 0.016176131252538074,
        "ave_p_frame_bpp_mv_z": 0.0006882073596881871,
        "ave_p_frame_bpp_y": 0.057818103571507067,
        "ave_p_frame_bpp_z": 0.001682376431893896,
        "ave_p_frame_quality": 35.48764663696289,
        "ave_all_frame_bpp": 0.09171267187657456,
        "ave_all_frame_quality": 35.57643828074137
      }
    },
    "YachtRide_PNG_1024": {
      "model_dcvc_quality_2_psnr.pth": {
        "i_frame_num": 50,
        "p_frame_num": 550,
        "ave_i_frame_bpp": 0.21860246626536053,
        "ave_i_frame_quality": 38.519742813110355,
        "ave_p_frame_bpp": 0.0903156067295508,
        "ave_p_frame_bpp_mv_y": 0.01726662757044489,
        "ave_p_frame_bpp_mv_z": 0.0006850268934133716,
        "ave_p_frame_bpp_y": 0.07046845624392682,
        "ave_p_frame_bpp_z": 0.0018954959431324494,
        "ave_p_frame_quality": 36.788950112082745,
        "ave_all_frame_bpp": 0.10100617835753493,
        "ave_all_frame_quality": 36.933182837168374
      }
    }
  }
}