{
  "UVG": {
    "Beauty_PNG_1024": {
      "model_dcvc_quality_3_psnr.pth": {
        "i_frame_num": 10,
        "p_frame_num": 110,
        "ave_i_frame_bpp": 0.044921875,
        "ave_i_frame_quality": 35.90049514770508,
        "ave_p_frame_bpp": 0.05662286931818182,
        "ave_p_frame_bpp_mv_y": 0.01599786931818182,
        "ave_p_frame_bpp_mv_z": 0.00390625,
        "ave_p_frame_bpp_y": 0.030965909090909093,
        "ave_p_frame_bpp_z": 0.005752840909090909,
        "ave_p_frame_quality": 36.60653995167125,
        "ave_all_frame_bpp": 0.055647786458333334,
        "ave_all_frame_quality": 36.547702884674074
      }
    }
  }
}