{
  "UVG": {
    "Beauty_PNG_1024": {
      "model_dcvc_quality_3_psnr.pth": {
        "i_frame_num": 10,
        "p_frame_num": 110,
        "ave_i_frame_bpp": 0.044921875,
        "ave_i_frame_quality": 35.90049514770508,
        "ave_p_frame_bpp": 0.054731889204545456,
        "ave_p_frame_bpp_mv_y": 0.019153941761363636,
        "ave_p_frame_bpp_mv_z": 0.00390625,
        "ave_p_frame_bpp_y": 0.02581232244318182,
        "ave_p_frame_bpp_z": 0.005859375,
        "ave_p_frame_quality": 35.00885774439031,
        "ave_all_frame_bpp": 0.053914388020833336,
        "ave_all_frame_quality": 35.08316086133321
      }
    }
  }
}