{
  "UVG": {
    "Beauty_PNG_1024": {
      "model_dcvc_quality_3_psnr.pth": {
        "i_frame_num": 10,
        "p_frame_num": 110,
        "ave_i_frame_bpp": 0.044921875,
        "ave_i_frame_quality": 35.90049514770508,
        "ave_p_frame_bpp": 0.037038352272727275,
        "ave_p_frame_bpp_mv_y": 0.007652698863636363,
        "ave_p_frame_bpp_mv_z": 0.00390625,
        "ave_p_frame_bpp_y": 0.019389204545454546,
        "ave_p_frame_bpp_z": 0.006090198863636364,
        "ave_p_frame_quality": 29.756039931557396,
        "ave_all_frame_bpp": 0.0376953125,
        "ave_all_frame_quality": 30.268077866236368
      }
    }
  }
}