{
  "UVG": {
    "Beauty_PNG_1024": {
      "model_dcvc_quality_3_psnr.pth": {
        "i_frame_num": 10,
        "p_frame_num": 110,
        "ave_i_frame_bpp": 0.044921875,
        "ave_i_frame_quality": 35.90049514770508,
        "ave_p_frame_bpp": 0.05701793323863636,
        "ave_p_frame_bpp_mv_y": 0.017808948863636365,
        "ave_p_frame_bpp_mv_z": 0.00390625,
        "ave_p_frame_bpp_y": 0.029496626420454544,
        "ave_p_frame_bpp_z": 0.005806107954545454,
        "ave_p_frame_quality": 35.97841550653631,
        "ave_all_frame_bpp": 0.056009928385416664,
        "ave_all_frame_quality": 35.971922143300375
      }
    }
  }
}