{
  "UVG": {
    "Beauty_PNG_1024": {
      "model_dcvc_quality_3_psnr.pth": {
        "i_frame_num": 10,
        "p_frame_num": 110,
        "ave_i_frame_bpp": 0.044921875,
        "ave_i_frame_quality": 35.90049514770508,
        "ave_p_frame_bpp": 0.05518465909090909,
        "ave_p_frame_bpp_mv_y": 0.0162109375,
        "ave_p_frame_bpp_mv_z": 0.00390625,
        "ave_p_frame_bpp_y": 0.029261363636363637,
        "ave_p_frame_bpp_z": 0.005806107954545454,
        "ave_p_frame_quality": 36.37445633628152,
        "ave_all_frame_bpp": 0.05432942708333333,
        "ave_all_frame_quality": 36.33495957056682
      }
    }
  }
}