{"train/epoch": 58, "train/batch_loss": 0.2021406888961792, "train/avg_loss": 0.2021406888961792, "train/avg_mse_loss": 4.3107789679197595e-05, "train/avg_bpp": 0.11385593563318253, "train/avg_bpp_mv_y": 0.05666052922606468, "train/avg_bpp_mv_z": 0.0010610055178403854, "train/avg_bpp_y": 0.05461651086807251, "train/avg_bpp_z": 0.0015178864123299718, "train/avg_psnr": 43.65444244711344, "_timestamp": 1652171805, "_runtime": 537, "_step": 57, "_wandb": {"runtime": 528}}